<?xml version="1.0" encoding="utf-8"?>

<Defs>

  <!--Plants-->
  <ThingDef ParentName="PlantBase">
		<defName>CSSugarCanePlant</defName>
		<label>Sugar cane</label>
		<graphicData>
			<texPath>Things/12th/PlantSugarCane</texPath>
			<graphicClass>Graphic_Single</graphicClass>
		</graphicData>
		<description>A plant producing sugar cane for rum making.</description>
		<statBases>
			<MaxHitPoints>85</MaxHitPoints>
      		<Nutrition>0.18</Nutrition>
		</statBases>
		<selectable>true</selectable>
		<pathCost>10</pathCost>
    <ingestible />
		<plant>
			<fertilityMin>0.40</fertilityMin>
			<harvestTag>Standard</harvestTag>
			<harvestedThingDef>CSRawSugarCane</harvestedThingDef>
			<harvestYield>13</harvestYield>
			<growDays>6</growDays>
			<sowTags>
				<li>Ground</li>
				<li>Hydroponic</li>
			</sowTags>
			<sowMinSkill>4</sowMinSkill>
			<dieIfLeafless>true</dieIfLeafless>
			<topWindExposure>0.1</topWindExposure>
			<visualSizeRange>
				<min>0.4</min>
				<max>1.1</max>
			</visualSizeRange>
			<wildOrder>2</wildOrder>
      		<purpose>Food</purpose>
		</plant>
  </ThingDef>
	
  <!--Item--> 
  <ThingDef ParentName="ResourceBase">
    <defName>CSRawSugarCane</defName>
    <label>Sugar cane</label>
    <description>Sugar cane for rum making.</description>
    <graphicData>
      <texPath>Things/12th/SugarCane</texPath>
	  <graphicClass>Graphic_Single</graphicClass>
    </graphicData>
    <stackLimit>75</stackLimit>
    <statBases>
      <MaxHitPoints>50</MaxHitPoints>
      <MarketValue>1.1</MarketValue>
      <Mass>0.3</Mass>
      <Flammability>1.0</Flammability>
	  <DeteriorationRate>4.0</DeteriorationRate>
	</statBases>
	<tickerType>Rare</tickerType>
	<comps>
      <li Class="CompProperties_Rottable">
        <daysToRotStart>60</daysToRotStart>
        <rotDestroys>true</rotDestroys>
      </li>
    </comps>
    <thingCategories>
      <li>CSFoodCat</li>
    </thingCategories>
  </ThingDef>
  
  <ThingDef ParentName="ResourceBase">
    <defName>CSMolasses</defName>
    <label>Molasses</label>
    <description>Un-fermented rum. This substance needs to ferment in a rum barrel before it becomes drinkable rum.</description>
    <graphicData>
      <texPath>Things/12th/Molasses</texPath>
      <graphicClass>Graphic_Single</graphicClass>
    </graphicData>
    <rotatable>false</rotatable>
    <stackLimit>25</stackLimit>
    <thingCategories>
      <li>Manufactured</li>
    </thingCategories>
    <statBases>
      <DeteriorationRate>1.0</DeteriorationRate>
      <MarketValue>2.5</MarketValue>
      <Mass>0.8</Mass>
      <Flammability>0.2</Flammability>
	  <MaxHitPoints>60</MaxHitPoints>
    </statBases>
    <tickerType>Rare</tickerType>
    <comps>
      <li Class="CompProperties_Rottable">
        <daysToRotStart>5</daysToRotStart>
        <rotDestroys>true</rotDestroys>
      </li>
    </comps>
  </ThingDef>
  
  <!--Rum-->
  <ThingDef ParentName="DrugBase">
    <defName>CSRum</defName>
    <label>Rum</label>
    <description>A noble alcohol. Excessive consumption can lead to alcohol blackouts and, over time, addiction.</description>
    <graphicData>
      <texPath>Things/12th/Rum</texPath>
      <graphicClass>Graphic_StackCount</graphicClass>
    </graphicData>
    <equippedAngleOffset>-150</equippedAngleOffset>
    <rotatable>false</rotatable>
    <stackLimit>25</stackLimit>
    <statBases>
      <DeteriorationRate>0.5</DeteriorationRate>
      <MarketValue>12</MarketValue>
      <Mass>0.3</Mass>
      <Flammability>0.5</Flammability>
      <Nutrition>0.08</Nutrition>
    </statBases>
    <ingestible>
      <foodType>Fluid, Processed, Liquor</foodType>
      <joyKind>Chemical</joyKind>
      <joy>0.17</joy>
      <nurseable>true</nurseable>
      <drugCategory>Social</drugCategory>
      <ingestSound>Ingest_Beer</ingestSound>
      <ingestHoldOffsetStanding>
        <northDefault>
          <offset>(0.18,0,0)</offset>
        </northDefault>
      </ingestHoldOffsetStanding>
      <ingestCommandString>Drink {0}</ingestCommandString>
      <ingestReportString>Drinking {0}.</ingestReportString>
      <chairSearchRadius>25</chairSearchRadius>
      <outcomeDoers>
        <li Class="IngestionOutcomeDoer_GiveHediff">
          <hediffDef>AlcoholHigh</hediffDef>
          <severity>0.15</severity>
          <toleranceChemical>Alcohol</toleranceChemical>
        </li>
        <li Class="IngestionOutcomeDoer_GiveHediff">
          <hediffDef>AlcoholTolerance</hediffDef>
          <severity>0.016</severity>
					<divideByBodySize>true</divideByBodySize>
				</li>
      </outcomeDoers>
    </ingestible>
    <equipmentType>Primary</equipmentType>
    <techLevel>Neolithic</techLevel>
    <comps>
      <li Class="CompProperties_Drug">
        <chemical>Alcohol</chemical>
        <addictiveness>0.06</addictiveness>
        <minToleranceToAddict>0.25</minToleranceToAddict>
        <existingAddictionSeverityOffset>0.20</existingAddictionSeverityOffset>
        <needLevelOffset>1</needLevelOffset>
        <listOrder>10</listOrder>
      </li>
      <li>
        <compClass>CompEquippable</compClass>
      </li>
    </comps>
    <tools>
      <li>
        <label>bottle</label>
        <capacities>
          <li>Blunt</li>
        </capacities>
        <power>9</power>
        <cooldownTime>2</cooldownTime>
      </li>
      <li>
        <label>neck</label>
        <capacities>
          <li>Poke</li>
        </capacities>
        <power>9</power>
        <cooldownTime>2</cooldownTime>
      </li>
    </tools>
  </ThingDef>
  
  <!--Eggnog-->
  <ThingDef ParentName="DrugBase">
    <defName>CSEggnog</defName>
    <label>Eggnog</label>
    <description>Eggnog is a rich, chilled, sweetened, dairy-based beverage.</description>
    <graphicData>
      <texPath>Things/12th/Eggnog</texPath>
      <graphicClass>Graphic_Single</graphicClass>
    </graphicData>
    <stackLimit>25</stackLimit>
    <statBases>
      <DeteriorationRate>0.5</DeteriorationRate>
      <MarketValue>12</MarketValue>
      <Mass>0.3</Mass>
      <Flammability>0.5</Flammability>
      <Nutrition>0.08</Nutrition>
    </statBases>
    <ingestible>
      <foodType>Fluid, Processed, Liquor</foodType>
      <joyKind>Chemical</joyKind>
      <joy>0.3</joy>
      <nurseable>true</nurseable>
      <drugCategory>Social</drugCategory>
      <ingestSound>Ingest_Beer</ingestSound>
      <ingestHoldOffsetStanding>
        <northDefault>
          <offset>(0.18,0,0)</offset>
        </northDefault>
      </ingestHoldOffsetStanding>
      <ingestCommandString>Drink {0}</ingestCommandString>
      <ingestReportString>Drinking {0}.</ingestReportString>
      <chairSearchRadius>25</chairSearchRadius>
      <outcomeDoers>
        <li Class="IngestionOutcomeDoer_GiveHediff">
          <hediffDef>AlcoholHigh</hediffDef>
          <severity>0.15</severity>
          <toleranceChemical>Alcohol</toleranceChemical>
        </li>
        <li Class="IngestionOutcomeDoer_GiveHediff">
          <hediffDef>AlcoholTolerance</hediffDef>
          <severity>0.016</severity>
					<divideByBodySize>true</divideByBodySize>
				</li>
      </outcomeDoers>
    </ingestible>
    <techLevel>Industrial</techLevel>
    <comps>
      <li Class="CompProperties_Drug">
        <chemical>Alcohol</chemical>
        <addictiveness>0.05</addictiveness>
        <minToleranceToAddict>0.25</minToleranceToAddict>
        <existingAddictionSeverityOffset>0.20</existingAddictionSeverityOffset>
        <needLevelOffset>1</needLevelOffset>
        <listOrder>10</listOrder>
      </li>
    </comps>
  </ThingDef>
  
  <!--Recipes-->
  <RecipeDef>
		<defName>CSMake_Molasses</defName>
		<label>make molasses</label>
		<description>Make molasses from sugar cane.</description>
		<jobString>Making molasses.</jobString>
		<workSpeedStat>DrugCookingSpeed</workSpeedStat>
		<workSkill>Cooking</workSkill>
		<effectWorking>Cook</effectWorking>
		<soundWorking>Recipe_Brewing</soundWorking>
		<allowMixingIngredients>true</allowMixingIngredients>
		<workAmount>1000</workAmount>
		<targetCountAdjustment>1</targetCountAdjustment>
		<ingredients>
			<li>
				<filter>
					<thingDefs>
						<li>CSRawSugarCane</li>
					</thingDefs>
				</filter>
				<count>25</count>
			</li>
		</ingredients>
		<fixedIngredientFilter>
			<thingDefs>
				<li>CSRawSugarCane</li>
			</thingDefs>
		</fixedIngredientFilter>
		<products>
			<CSMolasses>5</CSMolasses>
		</products>
		<recipeUsers>
        	<li>Brewery</li>
    	</recipeUsers>
	</RecipeDef>
	
	<RecipeDef>
		<defName>CSMake_Eggnog</defName>
		<label>make eggnog</label>
		<description>Make eggnog.</description>
		<jobString>Making eggnog.</jobString>
		<workSpeedStat>DrugCookingSpeed</workSpeedStat>
		<workSkill>Cooking</workSkill>
		<effectWorking>Cook</effectWorking>
		<soundWorking>Recipe_Brewing</soundWorking>
		<allowMixingIngredients>true</allowMixingIngredients>
		<workAmount>1000</workAmount>
		<targetCountAdjustment>1</targetCountAdjustment>
		<ingredients>
			<li>
				<filter>
					<thingDefs>
						<li>CSRum</li>
					</thingDefs>
				</filter>
				<count>1</count>
			</li>
			<li>
				<filter>
					<thingDefs>
						<li>CSSugar</li>
					</thingDefs>
				</filter>
				<count>1</count>
			</li>
			<li>
				<filter>
					<categories>
						<li>EggsUnfertilized</li>
					</categories>
				</filter>
				<count>2</count>
			</li>
			<li>
				<filter>
					<thingDefs>
						<li>Milk</li>
					</thingDefs>
				</filter>
				<count>1</count>
			</li>
		</ingredients>
		<products>
			<CSEggnog>1</CSEggnog>
		</products>
		<recipeUsers>
        	<li>FueledStove</li>
			<li>ElectricStove</li>
    	</recipeUsers>
	</RecipeDef>
	 
  <!--Rum Barrel-->
  <ThingDef ParentName="CSBuildingBase">
    <defName>CSRumBarrel</defName>
    <label>Rum Barrel</label>
    <description>For fermenting rum.</description>
    <graphicData>
      <texPath>Things/Building/Production/FermentingBarrel</texPath>
      <graphicClass>Graphic_Multi</graphicClass>
      <damageData>
        <rect>(0.05,0.1,0.9,0.9)</rect>
      </damageData>
      <shadowData>
        <volume>(0.75, 0.35, 0.33)</volume>
      </shadowData>
    </graphicData>
    <minifiedDef>MinifiedThing</minifiedDef>
    <altitudeLayer>Building</altitudeLayer>
    <passability>PassThroughOnly</passability>
    <fillPercent>0.45</fillPercent>
    <pathCost>60</pathCost>
    <thingCategories>
      <li>BuildingsProduction</li>
    </thingCategories>
    <statBases>
      <WorkToBuild>600</WorkToBuild>
      <Mass>10</Mass>
      <MaxHitPoints>100</MaxHitPoints>
      <Flammability>1.0</Flammability>
    </statBases>
    <costList>
      <Steel>10</Steel>
      <WoodLog>30</WoodLog>
    </costList>
  	<comps>
     	<li Class="CompProperties_Forbiddable"/>
      	<li Class="Kubouch.CompProperties_UniversalFermenter">
            <products>
                <li>
                    <thingDef>CSRum</thingDef>
                    <ingredientFilter>
                        <thingDefs>
                            <li>CSMolasses</li>
                        </thingDefs>
                    </ingredientFilter>
                    <maxCapacity>25</maxCapacity>
					<baseFermentationDuration>150000</baseFermentationDuration>
                    <efficiency>1</efficiency>
                </li>
            </products>
		</li>
    </comps>
	<tickerType>Rare</tickerType>
    <rotatable>true</rotatable>
    <designationCategory>Production</designationCategory>
    <constructEffect>ConstructWood</constructEffect>
    <researchPrerequisites>
      <li>Brewing</li>
    </researchPrerequisites>
  </ThingDef>

</Defs>