<?xml version="1.0" encoding="utf-8"?>

<Defs>

  <!--Christmas LIghting-->
  <ThingDef ParentName="BuildingBase" Name="PowerConduit">
    <defName>CSChristmasLighting</defName>
    <label>Christmas lighting</label>
    <description>A bundle of electrical cables with light bulbs for moving power around in christmas style. Can be placed under walls and other buildings.</description>
    <thingClass>Building</thingClass>
    <category>Building</category>
    <graphicData>
      <texPath>Things/10th/ChristmasLights_Atlas</texPath>
      <graphicClass>Graphic_Single</graphicClass>
      <linkType>Transmitter</linkType>
      <linkFlags>
        <li>PowerConduit</li>
      </linkFlags>
      <damageData>
        <rect>(0,0.35,1,0.3)</rect>
      </damageData>
    </graphicData>
    <uiIconPath>Things/10th/ChristmasLights_MenuIcon</uiIconPath>
    <uiIconScale>0.7</uiIconScale>
    <building>
			<ai_chillDestination>false</ai_chillDestination>
			<isInert>true</isInert>
      <isEdifice>false</isEdifice>
      <blueprintGraphicData>
        <texPath>Things/10th/ChristmasLights_Blueprint_Atlas</texPath>
      </blueprintGraphicData>
    </building>
    <altitudeLayer>FloorEmplacement</altitudeLayer>
    <passability>Standable</passability>
    <leaveResourcesWhenKilled>false</leaveResourcesWhenKilled>
    <statBases>
      <MaxHitPoints>80</MaxHitPoints>
      <WorkToBuild>35</WorkToBuild>
      <Flammability>0.7</Flammability>
      <Beauty>2</Beauty>
    </statBases>
    <placingDraggableDimensions>1</placingDraggableDimensions>
    <costList>
      <Steel>1</Steel>
	  <CSLightBulb>1</CSLightBulb>
    </costList>
    <comps>
      <li Class="CompProperties_Power">
        <compClass>CompPowerTransmitter</compClass>
        <transmitsPower>true</transmitsPower>
      </li>
      <li Class="CompProperties_Power">
        <compClass>CompPowerTrader</compClass>
        <basePowerConsumption>3</basePowerConsumption>
      </li>
	  <li Class="CompProperties_Glower">
        <glowRadius>6</glowRadius>
        <glowColor>(217,217,208,0)</glowColor>
      </li>
    </comps>
    <placeWorkers>
      <li>PlaceWorker_Conduit</li>
    </placeWorkers>
    <rotatable>false</rotatable>
    <selectable>true</selectable>
    <neverMultiSelect>true</neverMultiSelect>
    <soundImpactDefault>BulletImpact_Metal</soundImpactDefault>
    <terrainAffordanceNeeded>Light</terrainAffordanceNeeded>
    <designationCategory>Power</designationCategory>
    <constructEffect>ConstructMetal</constructEffect>
    <clearBuildingArea>false</clearBuildingArea>
    <designationHotKey>Misc1</designationHotKey>
    <researchPrerequisites>
      <li>Electricity</li>
    </researchPrerequisites>
  </ThingDef>
  
  <!--Light Bulbs-->
  <ThingDef ParentName="ResourceBase">
    <defName>CSLightBulb</defName>
    <label>light bulb</label>
    <description>A simple light bulb used for christmas lighting.</description>
    <graphicData>
      <texPath>Things/10th/LightBulb</texPath>
      <graphicClass>Graphic_StackCount</graphicClass>
    </graphicData>
    <stackLimit>75</stackLimit>
    <statBases>
      <MaxHitPoints>50</MaxHitPoints>
      <MarketValue>0.7</MarketValue>
      <Mass>0.02</Mass>
      <Flammability>0.6</Flammability>
	  <DeteriorationRate>1.0</DeteriorationRate>
	</statBases>
    <thingCategories>
      <li>Manufactured</li>
    </thingCategories>
  </ThingDef>
  
  <!--Recipes-->
  <RecipeDef>
    <defName>CSMake_LightBulb</defName>
    <label>smelt stone chunks into light bulbs</label>
    <description>Turn the stone chunks into light bulbs.</description>
    <jobString>Smelting stone chunks into light bulbs.</jobString>
    <workAmount>1000</workAmount>
    <workSpeedStat>SmeltingSpeed</workSpeedStat>
    <effectWorking>Smelt</effectWorking>
    <soundWorking>Recipe_Smelt</soundWorking>
    <ingredients>
      <li>
				<filter>
					<categories>
						<li>StoneChunks</li>
					</categories>
				</filter>
				<count>0.25</count>
			</li>
    </ingredients>
    <products>
      <CSLightBulb>5</CSLightBulb>
    </products>
	<skillRequirements>
		<Crafting>3</Crafting>
	</skillRequirements>
    <workSkill>Crafting</workSkill>
    <fixedIngredientFilter>
      <categories>
		<li>StoneChunks</li>
	  </categories>
    </fixedIngredientFilter>
	<researchPrerequisite>Smithing</researchPrerequisite>
    <recipeUsers>
        <li>FueledSmithy</li>
		<li>ElectricSmithy</li>
    </recipeUsers>
  </RecipeDef>

</Defs>